decade,date,year,city,index,value,tmstmp
1971-1980,1971-01-01,1971,Athens,hwmid,0.136067181453109,31536e6
1971-1980,1971-01-01,1971,Berlin,hwmid,1.09677227139473,31536e6
1971-1980,1971-01-01,1971,Brussels,hwmid,0.199366199970245,31536e6
1971-1980,1971-01-01,1971,Budapest,hwmid,0.904214461147785,31536e6
1971-1980,1971-01-01,1971,Lisbon,hwmid,0.976542066037655,31536e6
1971-1980,1971-01-01,1971,London,hwmid,0.161444506049156,31536e6
1971-1980,1971-01-01,1971,Madrid,hwmid,1.26582837253809,31536e6
1971-1980,1971-01-01,1971,Paris,hwmid,0.232891460508108,31536e6
1971-1980,1971-01-01,1971,Roma,hwmid,2.5422623552382,31536e6
1971-1980,1971-01-01,1971,Warsaw,hwmid,0.161444506049156,31536e6
1981-1990,1981-01-01,1981,Athens,hwmid,1.17158605009317,3471552e5
1981-1990,1981-01-01,1981,Berlin,hwmid,0.538250554725528,3471552e5
1981-1990,1981-01-01,1981,Brussels,hwmid,0.986467736959457,3471552e5
1981-1990,1981-01-01,1981,Budapest,hwmid,0.524275492876768,3471552e5
1981-1990,1981-01-01,1981,Lisbon,hwmid,1.36004590801895,3471552e5
1981-1990,1981-01-01,1981,London,hwmid,0.584410554170608,3471552e5
1981-1990,1981-01-01,1981,Madrid,hwmid,1.75624758303165,3471552e5
1981-1990,1981-01-01,1981,Paris,hwmid,0.761615405976772,3471552e5
1981-1990,1981-01-01,1981,Roma,hwmid,1.80049887988716,3471552e5
1981-1990,1981-01-01,1981,Warsaw,hwmid,0.584410554170608,3471552e5
1991-2000,1991-01-01,1991,Athens,hwmid,0.784300835058093,662688e6
1991-2000,1991-01-01,1991,Berlin,hwmid,0.306978102400899,662688e6
1991-2000,1991-01-01,1991,Brussels,hwmid,0.68212189078331,662688e6
1991-2000,1991-01-01,1991,Budapest,hwmid,1.66556355059147,662688e6
1991-2000,1991-01-01,1991,Lisbon,hwmid,1.52288571894169,662688e6
1991-2000,1991-01-01,1991,London,hwmid,1.16622793152928,662688e6
1991-2000,1991-01-01,1991,Madrid,hwmid,1.75425882218406,662688e6
1991-2000,1991-01-01,1991,Paris,hwmid,1.09367890059948,662688e6
1991-2000,1991-01-01,1991,Roma,hwmid,6.64615755686536,662688e6
1991-2000,1991-01-01,1991,Warsaw,hwmid,1.16622793152928,662688e6
2001-2010,2001-01-01,2001,Athens,hwmid,1.17875750362873,9783072e5
2001-2010,2001-01-01,2001,Berlin,hwmid,1.99677914977074,9783072e5
2001-2010,2001-01-01,2001,Brussels,hwmid,3.87461444071087,9783072e5
2001-2010,2001-01-01,2001,Budapest,hwmid,1.37459126543254,9783072e5
2001-2010,2001-01-01,2001,Lisbon,hwmid,0.806825041770935,9783072e5
2001-2010,2001-01-01,2001,London,hwmid,2.7381900396198,9783072e5
2001-2010,2001-01-01,2001,Madrid,hwmid,1.92605412006378,9783072e5
2001-2010,2001-01-01,2001,Paris,hwmid,2.09168744459748,9783072e5
2001-2010,2001-01-01,2001,Roma,hwmid,2.75780625939369,9783072e5
2001-2010,2001-01-01,2001,Warsaw,hwmid,2.7381900396198,9783072e5
2011-2020,2011-01-01,2011,Athens,hwmid,1.92439411142841,129384e7
2011-2020,2011-01-01,2011,Berlin,hwmid,1.47001028954983,129384e7
2011-2020,2011-01-01,2011,Brussels,hwmid,1.7275808500126,129384e7
2011-2020,2011-01-01,2011,Budapest,hwmid,2.80267166793346,129384e7
2011-2020,2011-01-01,2011,Lisbon,hwmid,1.99017738178372,129384e7
2011-2020,2011-01-01,2011,London,hwmid,0.701220289617777,129384e7
2011-2020,2011-01-01,2011,Madrid,hwmid,2.90931086726487,129384e7
2011-2020,2011-01-01,2011,Paris,hwmid,1.61386283496395,129384e7
2011-2020,2011-01-01,2011,Roma,hwmid,5.48860760629177,129384e7
2011-2020,2011-01-01,2011,Warsaw,hwmid,0.701220289617777,129384e7
2021-2030,2021-01-01,2021,Athens,hwmid,2.40994010567665,16094592e5
2021-2030,2021-01-01,2021,Berlin,hwmid,2.88505981937051,16094592e5
2021-2030,2021-01-01,2021,Brussels,hwmid,3.22336145341396,16094592e5
2021-2030,2021-01-01,2021,Budapest,hwmid,5.29233206957579,16094592e5
2021-2030,2021-01-01,2021,Lisbon,hwmid,2.22265222389251,16094592e5
2021-2030,2021-01-01,2021,London,hwmid,3.41697129756212,16094592e5
2021-2030,2021-01-01,2021,Madrid,hwmid,7.60543508566916,16094592e5
2021-2030,2021-01-01,2021,Paris,hwmid,3.46116143614054,16094592e5
2021-2030,2021-01-01,2021,Roma,hwmid,9.06181690692902,16094592e5
2021-2030,2021-01-01,2021,Warsaw,hwmid,3.41697129756212,16094592e5
2031-2040,2031-01-01,2031,Athens,hwmid,3.24626858010888,1924992e6
2031-2040,2031-01-01,2031,Berlin,hwmid,0.906670925579965,1924992e6
2031-2040,2031-01-01,2031,Brussels,hwmid,2.46067265868187,1924992e6
2031-2040,2031-01-01,2031,Budapest,hwmid,2.64255786743015,1924992e6
2031-2040,2031-01-01,2031,Lisbon,hwmid,4.4120725274086,1924992e6
2031-2040,2031-01-01,2031,London,hwmid,1.91032695174217,1924992e6
2031-2040,2031-01-01,2031,Madrid,hwmid,9.15047996044159,1924992e6
2031-2040,2031-01-01,2031,Paris,hwmid,2.75073343664408,1924992e6
2031-2040,2031-01-01,2031,Roma,hwmid,9.20921494364739,1924992e6
2031-2040,2031-01-01,2031,Warsaw,hwmid,1.91032695174217,1924992e6
2041-2050,2041-01-01,2041,Athens,hwmid,3.01710672415793,22406112e5
2041-2050,2041-01-01,2041,Berlin,hwmid,1.16688449718058,22406112e5
2041-2050,2041-01-01,2041,Brussels,hwmid,3.82109005749226,22406112e5
2041-2050,2041-01-01,2041,Budapest,hwmid,5.64418390095234,22406112e5
2041-2050,2041-01-01,2041,Lisbon,hwmid,4.95864655971527,22406112e5
2041-2050,2041-01-01,2041,London,hwmid,3.37038726694882,22406112e5
2041-2050,2041-01-01,2041,Madrid,hwmid,10.6672225892544,22406112e5
2041-2050,2041-01-01,2041,Paris,hwmid,6.41344934981316,22406112e5
2041-2050,2041-01-01,2041,Roma,hwmid,9.44861356019974,22406112e5
2041-2050,2041-01-01,2041,Warsaw,hwmid,3.37038726694882,22406112e5
2051-2060,2051-01-01,2051,Athens,hwmid,2.60631075501442,2556144e6
2051-2060,2051-01-01,2051,Berlin,hwmid,2.83492152690887,2556144e6
2051-2060,2051-01-01,2051,Brussels,hwmid,3.63535541146994,2556144e6
2051-2060,2051-01-01,2051,Budapest,hwmid,3.68173920586705,2556144e6
2051-2060,2051-01-01,2051,Lisbon,hwmid,4.97411215007305,2556144e6
2051-2060,2051-01-01,2051,London,hwmid,3.94609988182783,2556144e6
2051-2060,2051-01-01,2051,Madrid,hwmid,9.11644282341003,2556144e6
2051-2060,2051-01-01,2051,Paris,hwmid,2.92571554034948,2556144e6
2051-2060,2051-01-01,2051,Roma,hwmid,6.46505629047751,2556144e6
2051-2060,2051-01-01,2051,Warsaw,hwmid,3.94609988182783,2556144e6
2061-2070,2061-01-01,2061,Athens,hwmid,3.27418366670609,28717632e5
2061-2070,2061-01-01,2061,Berlin,hwmid,2.2448657810688,28717632e5
2061-2070,2061-01-01,2061,Brussels,hwmid,3.18117058724165,28717632e5
2061-2070,2061-01-01,2061,Budapest,hwmid,3.75117592215538,28717632e5
2061-2070,2061-01-01,2061,Lisbon,hwmid,4.1029783681035,28717632e5
2061-2070,2061-01-01,2061,London,hwmid,3.16074576377869,28717632e5
2061-2070,2061-01-01,2061,Madrid,hwmid,14.1734457492828,28717632e5
2061-2070,2061-01-01,2061,Paris,hwmid,3.83413402214646,28717632e5
2061-2070,2061-01-01,2061,Roma,hwmid,11.0967271208763,28717632e5
2061-2070,2061-01-01,2061,Warsaw,hwmid,3.16074576377869,28717632e5
2071-2080,2071-01-01,2071,Athens,hwmid,4.33235431909561,3187296e6
2071-2080,2071-01-01,2071,Berlin,hwmid,2.63310370445251,3187296e6
2071-2080,2071-01-01,2071,Brussels,hwmid,6.85762479305267,3187296e6
2071-2080,2071-01-01,2071,Budapest,hwmid,6.00508323758841,3187296e6
2071-2080,2071-01-01,2071,Lisbon,hwmid,4.97280055880547,3187296e6
2071-2080,2071-01-01,2071,London,hwmid,8.54466304779053,3187296e6
2071-2080,2071-01-01,2071,Madrid,hwmid,13.9793458402157,3187296e6
2071-2080,2071-01-01,2071,Paris,hwmid,7.84821390211582,3187296e6
2071-2080,2071-01-01,2071,Roma,hwmid,11.6380038261414,3187296e6
2071-2080,2071-01-01,2071,Warsaw,hwmid,8.54466304779053,3187296e6
2081-2080,2081-01-01,2081,Athens,hwmid,7.39843229055405,35029152e5
2081-2080,2081-01-01,2081,Berlin,hwmid,9.90553712844849,35029152e5
2081-2080,2081-01-01,2081,Brussels,hwmid,18.7830475181341,35029152e5
2081-2080,2081-01-01,2081,Budapest,hwmid,11.6326931715012,35029152e5
2081-2080,2081-01-01,2081,Lisbon,hwmid,13.8095285892487,35029152e5
2081-2080,2081-01-01,2081,London,hwmid,16.5196362257004,35029152e5
2081-2080,2081-01-01,2081,Madrid,hwmid,41.7619559288025,35029152e5
2081-2080,2081-01-01,2081,Paris,hwmid,20.6177178621292,35029152e5
2081-2080,2081-01-01,2081,Roma,hwmid,23.2245203971863,35029152e5
2081-2080,2081-01-01,2081,Warsaw,hwmid,16.5196362257004,35029152e5
2091-2100,2091-01-01,2091,Athens,hwmid,15.5991577386856,3818448e6
2091-2100,2091-01-01,2091,Berlin,hwmid,8.16235775053501,3818448e6
2091-2100,2091-01-01,2091,Brussels,hwmid,20.0285950422287,3818448e6
2091-2100,2091-01-01,2091,Budapest,hwmid,16.7485940337181,3818448e6
2091-2100,2091-01-01,2091,Lisbon,hwmid,27.4571874141693,3818448e6
2091-2100,2091-01-01,2091,London,hwmid,15.5463669061661,3818448e6
2091-2100,2091-01-01,2091,Madrid,hwmid,46.3210137367249,3818448e6
2091-2100,2091-01-01,2091,Paris,hwmid,23.5964768409729,3818448e6
2091-2100,2091-01-01,2091,Roma,hwmid,32.6842194080353,3818448e6
2091-2100,2091-01-01,2091,Warsaw,hwmid,15.5463669061661,3818448e6
1971-1980,1971-01-01,1971,Athens,tn10p,14.9041094303131,31536e6
1971-1980,1971-01-01,1971,Berlin,tn10p,16.7671233177185,31536e6
1971-1980,1971-01-01,1971,Brussels,tn10p,15.7534245491028,31536e6
1971-1980,1971-01-01,1971,Budapest,tn10p,16.3698629379272,31536e6
1971-1980,1971-01-01,1971,Lisbon,tn10p,15.863013792038,31536e6
1971-1980,1971-01-01,1971,London,tn10p,14.0547945976257,31536e6
1971-1980,1971-01-01,1971,Madrid,tn10p,15.1780822277069,31536e6
1971-1980,1971-01-01,1971,Paris,tn10p,15.5342463493347,31536e6
1971-1980,1971-01-01,1971,Roma,tn10p,16.0821917057037,31536e6
1971-1980,1971-01-01,1971,Warsaw,tn10p,14.0547945976257,31536e6
1981-1990,1981-01-01,1981,Athens,tn10p,12.2191782951355,3471552e5
1981-1990,1981-01-01,1981,Berlin,tn10p,10.3287671089172,3471552e5
1981-1990,1981-01-01,1981,Brussels,tn10p,10.9863013744354,3471552e5
1981-1990,1981-01-01,1981,Budapest,tn10p,12.1369863033295,3471552e5
1981-1990,1981-01-01,1981,Lisbon,tn10p,12.5342465400696,3471552e5
1981-1990,1981-01-01,1981,London,tn10p,10.5616438388824,3471552e5
1981-1990,1981-01-01,1981,Madrid,tn10p,10.9041095256805,3471552e5
1981-1990,1981-01-01,1981,Paris,tn10p,11.1780821800232,3471552e5
1981-1990,1981-01-01,1981,Roma,tn10p,11.2465753078461,3471552e5
1981-1990,1981-01-01,1981,Warsaw,tn10p,10.5616438388824,3471552e5
1991-2000,1991-01-01,1991,Athens,tn10p,9.50684928894043,662688e6
1991-2000,1991-01-01,1991,Berlin,tn10p,9.89041094779968,662688e6
1991-2000,1991-01-01,1991,Brussels,tn10p,9.67123284339905,662688e6
1991-2000,1991-01-01,1991,Budapest,tn10p,9.15068483352661,662688e6
1991-2000,1991-01-01,1991,Lisbon,tn10p,9.76712329387665,662688e6
1991-2000,1991-01-01,1991,London,tn10p,9.89041106700897,662688e6
1991-2000,1991-01-01,1991,Madrid,tn10p,10.8767123937607,662688e6
1991-2000,1991-01-01,1991,Paris,tn10p,9.86301379203796,662688e6
1991-2000,1991-01-01,1991,Roma,tn10p,9.58904092311859,662688e6
1991-2000,1991-01-01,1991,Warsaw,tn10p,9.89041106700897,662688e6
2001-2010,2001-01-01,2001,Athens,tn10p,7.60273959636688,9783072e5
2001-2010,2001-01-01,2001,Berlin,tn10p,9.56164381504059,9783072e5
2001-2010,2001-01-01,2001,Brussels,tn10p,8.90410959124565,9783072e5
2001-2010,2001-01-01,2001,Budapest,tn10p,8.39726020097732,9783072e5
2001-2010,2001-01-01,2001,Lisbon,tn10p,7.21917808055878,9783072e5
2001-2010,2001-01-01,2001,London,tn10p,9.24657542705536,9783072e5
2001-2010,2001-01-01,2001,Madrid,tn10p,7.94520535469055,9783072e5
2001-2010,2001-01-01,2001,Paris,tn10p,8.54794514775276,9783072e5
2001-2010,2001-01-01,2001,Roma,tn10p,8.90410959720612,9783072e5
2001-2010,2001-01-01,2001,Warsaw,tn10p,9.24657542705536,9783072e5
2011-2020,2011-01-01,2011,Athens,tn10p,5.64383561015129,129384e7
2011-2020,2011-01-01,2011,Berlin,tn10p,6.60273967981338,129384e7
2011-2020,2011-01-01,2011,Brussels,tn10p,5.91780819892883,129384e7
2011-2020,2011-01-01,2011,Budapest,tn10p,6.06849318146706,129384e7
2011-2020,2011-01-01,2011,Lisbon,tn10p,5.58904104232788,129384e7
2011-2020,2011-01-01,2011,London,tn10p,5.6027398109436,129384e7
2011-2020,2011-01-01,2011,Madrid,tn10p,5.71232869625092,129384e7
2011-2020,2011-01-01,2011,Paris,tn10p,6.61643831729889,129384e7
2011-2020,2011-01-01,2011,Roma,tn10p,6.23287675380707,129384e7
2011-2020,2011-01-01,2011,Warsaw,tn10p,5.6027398109436,129384e7
2021-2030,2021-01-01,2021,Athens,tn10p,4.246575319767,16094592e5
2021-2030,2021-01-01,2021,Berlin,tn10p,5.28767123222351,16094592e5
2021-2030,2021-01-01,2021,Brussels,tn10p,5.47945210933685,16094592e5
2021-2030,2021-01-01,2021,Budapest,tn10p,5.1643835067749,16094592e5
2021-2030,2021-01-01,2021,Lisbon,tn10p,4.63013700246811,16094592e5
2021-2030,2021-01-01,2021,London,tn10p,5.42465751171112,16094592e5
2021-2030,2021-01-01,2021,Madrid,tn10p,4.95890403985977,16094592e5
2021-2030,2021-01-01,2021,Paris,tn10p,5.06849311590195,16094592e5
2021-2030,2021-01-01,2021,Roma,tn10p,5.30136981010437,16094592e5
2021-2030,2021-01-01,2021,Warsaw,tn10p,5.42465751171112,16094592e5
2031-2040,2031-01-01,2031,Athens,tn10p,4.2465753316879304,1924992e6
2031-2040,2031-01-01,2031,Berlin,tn10p,4.10958904027939,1924992e6
2031-2040,2031-01-01,2031,Brussels,tn10p,3.97260272502899,1924992e6
2031-2040,2031-01-01,2031,Budapest,tn10p,4.54794524908066,1924992e6
2031-2040,2031-01-01,2031,Lisbon,tn10p,3.43835617303848,1924992e6
2031-2040,2031-01-01,2031,London,tn10p,3.42465759664774,1924992e6
2031-2040,2031-01-01,2031,Madrid,tn10p,3.84931507110596,1924992e6
2031-2040,2031-01-01,2031,Paris,tn10p,4.05479451417923,1924992e6
2031-2040,2031-01-01,2031,Roma,tn10p,4.27397258281708,1924992e6
2031-2040,2031-01-01,2031,Warsaw,tn10p,3.42465759664774,1924992e6
2041-2050,2041-01-01,2041,Athens,tn10p,2.43835615515709,22406112e5
2041-2050,2041-01-01,2041,Berlin,tn10p,4.38356159925461,22406112e5
2041-2050,2041-01-01,2041,Brussels,tn10p,4.8493150472641,22406112e5
2041-2050,2041-01-01,2041,Budapest,tn10p,4.1232876598835,22406112e5
2041-2050,2041-01-01,2041,Lisbon,tn10p,3.71232876181602,22406112e5
2041-2050,2041-01-01,2041,London,tn10p,3.78082185983658,22406112e5
2041-2050,2041-01-01,2041,Madrid,tn10p,4.28767119646072,22406112e5
2041-2050,2041-01-01,2041,Paris,tn10p,4.80821919441223,22406112e5
2041-2050,2041-01-01,2041,Roma,tn10p,4.02739719152451,22406112e5
2041-2050,2041-01-01,2041,Warsaw,tn10p,3.78082185983658,22406112e5
2051-2060,2051-01-01,2051,Athens,tn10p,2.94520545005798,2556144e6
2051-2060,2051-01-01,2051,Berlin,tn10p,4.38356162309647,2556144e6
2051-2060,2051-01-01,2051,Brussels,tn10p,3.53424653708935,2556144e6
2051-2060,2051-01-01,2051,Budapest,tn10p,4.67123285531998,2556144e6
2051-2060,2051-01-01,2051,Lisbon,tn10p,2.19178083240986,2556144e6
2051-2060,2051-01-01,2051,London,tn10p,3.01369860768318,2556144e6
2051-2060,2051-01-01,2051,Madrid,tn10p,2.69863010942936,2556144e6
2051-2060,2051-01-01,2051,Paris,tn10p,3.47945203483105,2556144e6
2051-2060,2051-01-01,2051,Roma,tn10p,3.1917807996273,2556144e6
2051-2060,2051-01-01,2051,Warsaw,tn10p,3.01369860768318,2556144e6
2061-2070,2061-01-01,2061,Athens,tn10p,1.8082191824913,28717632e5
2061-2070,2061-01-01,2061,Berlin,tn10p,2.630136936903,28717632e5
2061-2070,2061-01-01,2061,Brussels,tn10p,2.73972604870796,28717632e5
2061-2070,2061-01-01,2061,Budapest,tn10p,2.78082195818424,28717632e5
2061-2070,2061-01-01,2061,Lisbon,tn10p,1.08219178617001,28717632e5
2061-2070,2061-01-01,2061,London,tn10p,2.27397258877754,28717632e5
2061-2070,2061-01-01,2061,Madrid,tn10p,1.31506848931313,28717632e5
2061-2070,2061-01-01,2061,Paris,tn10p,2.65753421187401,28717632e5
2061-2070,2061-01-01,2061,Roma,tn10p,2.58904110193253,28717632e5
2061-2070,2061-01-01,2061,Warsaw,tn10p,2.27397258877754,28717632e5
2071-2080,2071-01-01,2071,Athens,tn10p,1.12328765392303,3187296e6
2071-2080,2071-01-01,2071,Berlin,tn10p,0.904109591245651,3187296e6
2071-2080,2071-01-01,2071,Brussels,tn10p,1.50684929192066,3187296e6
2071-2080,2071-01-01,2071,Budapest,tn10p,0.698630145192146,3187296e6
2071-2080,2071-01-01,2071,Lisbon,tn10p,0.410958904027939,3187296e6
2071-2080,2071-01-01,2071,London,tn10p,1.06849315166473,3187296e6
2071-2080,2071-01-01,2071,Madrid,tn10p,0.767123290896416,3187296e6
2071-2080,2071-01-01,2071,Paris,tn10p,1.36986300945282,3187296e6
2071-2080,2071-01-01,2071,Roma,tn10p,0.794520556926727,3187296e6
2071-2080,2071-01-01,2071,Warsaw,tn10p,1.06849315166473,3187296e6
2081-2080,2081-01-01,2081,Athens,tn10p,0.684931510686874,35029152e5
2081-2080,2081-01-01,2081,Berlin,tn10p,0.68493150472641,35029152e5
2081-2080,2081-01-01,2081,Brussels,tn10p,0.904109579324722,35029152e5
2081-2080,2081-01-01,2081,Budapest,tn10p,0.561643843352795,35029152e5
2081-2080,2081-01-01,2081,Lisbon,tn10p,0.19178082048893,35029152e5
2081-2080,2081-01-01,2081,London,tn10p,0.383561646938324,35029152e5
2081-2080,2081-01-01,2081,Madrid,tn10p,0.465753430128098,35029152e5
2081-2080,2081-01-01,2081,Paris,tn10p,0.794520539045334,35029152e5
2081-2080,2081-01-01,2081,Roma,tn10p,0.465753424167633,35029152e5
2081-2080,2081-01-01,2081,Warsaw,tn10p,0.383561646938324,35029152e5
2091-2100,2091-01-01,2091,Athens,tn10p,0.178082194924355,3818448e6
2091-2100,2091-01-01,2091,Berlin,tn10p,0.328767123818398,3818448e6
2091-2100,2091-01-01,2091,Brussels,tn10p,0.493150690197945,3818448e6
2091-2100,2091-01-01,2091,Budapest,tn10p,0.671232888102531,3818448e6
2091-2100,2091-01-01,2091,Lisbon,tn10p,0.082191780209541307,3818448e6
2091-2100,2091-01-01,2091,London,tn10p,0.273972600698471,3818448e6
2091-2100,2091-01-01,2091,Madrid,tn10p,0.356164383888245,3818448e6
2091-2100,2091-01-01,2091,Paris,tn10p,0.410958901047707,3818448e6
2091-2100,2091-01-01,2091,Roma,tn10p,0.246575343608856,3818448e6
2091-2100,2091-01-01,2091,Warsaw,tn10p,0.273972600698471,3818448e6
1971-1980,1971-01-01,1971,Athens,tn90p,5.56164388656616,31536e6
1971-1980,1971-01-01,1971,Berlin,tn90p,7.56164391040802,31536e6
1971-1980,1971-01-01,1971,Brussels,tn90p,8.30136966705322,31536e6
1971-1980,1971-01-01,1971,Budapest,tn90p,5.63013699054718,31536e6
1971-1980,1971-01-01,1971,Lisbon,tn90p,7.84931511878967,31536e6
1971-1980,1971-01-01,1971,London,tn90p,7.82191789150238,31536e6
1971-1980,1971-01-01,1971,Madrid,tn90p,7.15068483352661,31536e6
1971-1980,1971-01-01,1971,Paris,tn90p,7.64383566379547,31536e6
1971-1980,1971-01-01,1971,Roma,tn90p,5.43835620880127,31536e6
1971-1980,1971-01-01,1971,Warsaw,tn90p,7.82191789150238,31536e6
1981-1990,1981-01-01,1981,Athens,tn90p,6.15068492889404,3471552e5
1981-1990,1981-01-01,1981,Berlin,tn90p,7.9452054977417,3471552e5
1981-1990,1981-01-01,1981,Brussels,tn90p,6.90410959720612,3471552e5
1981-1990,1981-01-01,1981,Budapest,tn90p,7.26027405261993,3471552e5
1981-1990,1981-01-01,1981,Lisbon,tn90p,7.08219180107117,3471552e5
1981-1990,1981-01-01,1981,London,tn90p,7.8356164932251,3471552e5
1981-1990,1981-01-01,1981,Madrid,tn90p,7.05479443073273,3471552e5
1981-1990,1981-01-01,1981,Paris,tn90p,7.15068497657776,3471552e5
1981-1990,1981-01-01,1981,Roma,tn90p,7.38356158733368,3471552e5
1981-1990,1981-01-01,1981,Warsaw,tn90p,7.8356164932251,3471552e5
1991-2000,1991-01-01,1991,Athens,tn90p,10.5753424167633,662688e6
1991-2000,1991-01-01,1991,Berlin,tn90p,9.50684928894043,662688e6
1991-2000,1991-01-01,1991,Brussels,tn90p,10.1095889568329,662688e6
1991-2000,1991-01-01,1991,Budapest,tn90p,10.2191780567169,662688e6
1991-2000,1991-01-01,1991,Lisbon,tn90p,9.78082203865051,662688e6
1991-2000,1991-01-01,1991,London,tn90p,9.72602734565735,662688e6
1991-2000,1991-01-01,1991,Madrid,tn90p,9.78082191944122,662688e6
1991-2000,1991-01-01,1991,Paris,tn90p,9.83561639785767,662688e6
1991-2000,1991-01-01,1991,Roma,tn90p,10.1506849050522,662688e6
1991-2000,1991-01-01,1991,Warsaw,tn90p,9.72602734565735,662688e6
2001-2010,2001-01-01,2001,Athens,tn90p,11.6301370620728,9783072e5
2001-2010,2001-01-01,2001,Berlin,tn90p,12.3561643600464,9783072e5
2001-2010,2001-01-01,2001,Brussels,tn90p,12.6301368713379,9783072e5
2001-2010,2001-01-01,2001,Budapest,tn90p,12.2876711130142,9783072e5
2001-2010,2001-01-01,2001,Lisbon,tn90p,12.3698628425598,9783072e5
2001-2010,2001-01-01,2001,London,tn90p,12.2876713752747,9783072e5
2001-2010,2001-01-01,2001,Madrid,tn90p,12.9452054023743,9783072e5
2001-2010,2001-01-01,2001,Paris,tn90p,12.7808218955994,9783072e5
2001-2010,2001-01-01,2001,Roma,tn90p,11.8904109477997,9783072e5
2001-2010,2001-01-01,2001,Warsaw,tn90p,12.2876713752747,9783072e5
2011-2020,2011-01-01,2011,Athens,tn90p,16.5753424167633,129384e7
2011-2020,2011-01-01,2011,Berlin,tn90p,14.0547945976257,129384e7
2011-2020,2011-01-01,2011,Brussels,tn90p,13.5342467784882,129384e7
2011-2020,2011-01-01,2011,Budapest,tn90p,15.397260093689,129384e7
2011-2020,2011-01-01,2011,Lisbon,tn90p,16.6712327480316,129384e7
2011-2020,2011-01-01,2011,London,tn90p,12.424657535553,129384e7
2011-2020,2011-01-01,2011,Madrid,tn90p,18.2602740287781,129384e7
2011-2020,2011-01-01,2011,Paris,tn90p,13.4657534122467,129384e7
2011-2020,2011-01-01,2011,Roma,tn90p,14.5616438388824,129384e7
2011-2020,2011-01-01,2011,Warsaw,tn90p,12.424657535553,129384e7
2021-2030,2021-01-01,2021,Athens,tn90p,22.2054795265198,16094592e5
2021-2030,2021-01-01,2021,Berlin,tn90p,17.6164383888245,16094592e5
2021-2030,2021-01-01,2021,Brussels,tn90p,16.8219176292419,16094592e5
2021-2030,2021-01-01,2021,Budapest,tn90p,20.8493148803711,16094592e5
2021-2030,2021-01-01,2021,Lisbon,tn90p,16.5479454040527,16094592e5
2021-2030,2021-01-01,2021,London,tn90p,15.8219179153442,16094592e5
2021-2030,2021-01-01,2021,Madrid,tn90p,20.3013698577881,16094592e5
2021-2030,2021-01-01,2021,Paris,tn90p,17.2054793357849,16094592e5
2021-2030,2021-01-01,2021,Roma,tn90p,19.4383563041687,16094592e5
2021-2030,2021-01-01,2021,Warsaw,tn90p,15.8219179153442,16094592e5
2031-2040,2031-01-01,2031,Athens,tn90p,25.0958903312683,1924992e6
2031-2040,2031-01-01,2031,Berlin,tn90p,18.4657534599304,1924992e6
2031-2040,2031-01-01,2031,Brussels,tn90p,17.9178081512451,1924992e6
2031-2040,2031-01-01,2031,Budapest,tn90p,21.0821919441223,1924992e6
2031-2040,2031-01-01,2031,Lisbon,tn90p,16.8767122745514,1924992e6
2031-2040,2031-01-01,2031,London,tn90p,18.1917806625366,1924992e6
2031-2040,2031-01-01,2031,Madrid,tn90p,21.1917806625366,1924992e6
2031-2040,2031-01-01,2031,Paris,tn90p,17.8356163978577,1924992e6
2031-2040,2031-01-01,2031,Roma,tn90p,19.2876710414886,1924992e6
2031-2040,2031-01-01,2031,Warsaw,tn90p,18.1917806625366,1924992e6
2041-2050,2041-01-01,2041,Athens,tn90p,31.9863014221191,22406112e5
2041-2050,2041-01-01,2041,Berlin,tn90p,17.3972603797913,22406112e5
2041-2050,2041-01-01,2041,Brussels,tn90p,18.6849312782288,22406112e5
2041-2050,2041-01-01,2041,Budapest,tn90p,21.7945207595825,22406112e5
2041-2050,2041-01-01,2041,Lisbon,tn90p,23.5890411376953,22406112e5
2041-2050,2041-01-01,2041,London,tn90p,19.3287671089172,22406112e5
2041-2050,2041-01-01,2041,Madrid,tn90p,27.150684928894,22406112e5
2041-2050,2041-01-01,2041,Paris,tn90p,19.5205481529236,22406112e5
2041-2050,2041-01-01,2041,Roma,tn90p,20.4383562088013,22406112e5
2041-2050,2041-01-01,2041,Warsaw,tn90p,19.3287671089172,22406112e5
2051-2060,2051-01-01,2051,Athens,tn90p,35.3835618972778,2556144e6
2051-2060,2051-01-01,2051,Berlin,tn90p,22.9589036941528,2556144e6
2051-2060,2051-01-01,2051,Brussels,tn90p,22.6301368713379,2556144e6
2051-2060,2051-01-01,2051,Budapest,tn90p,25.2739725589752,2556144e6
2051-2060,2051-01-01,2051,Lisbon,tn90p,22.7397260665894,2556144e6
2051-2060,2051-01-01,2051,London,tn90p,21.8904110908508,2556144e6
2051-2060,2051-01-01,2051,Madrid,tn90p,28.8082194328308,2556144e6
2051-2060,2051-01-01,2051,Paris,tn90p,22.068493270874,2556144e6
2051-2060,2051-01-01,2051,Roma,tn90p,24.7671233177185,2556144e6
2051-2060,2051-01-01,2051,Warsaw,tn90p,21.8904110908508,2556144e6
2061-2070,2061-01-01,2061,Athens,tn90p,45.643835067749,28717632e5
2061-2070,2061-01-01,2061,Berlin,tn90p,23.2876712799072,28717632e5
2061-2070,2061-01-01,2061,Brussels,tn90p,24.6849311828613,28717632e5
2061-2070,2061-01-01,2061,Budapest,tn90p,28.6712331771851,28717632e5
2061-2070,2061-01-01,2061,Lisbon,tn90p,30.7397262573242,28717632e5
2061-2070,2061-01-01,2061,London,tn90p,25.8904109954834,28717632e5
2061-2070,2061-01-01,2061,Madrid,tn90p,36.6986299514771,28717632e5
2061-2070,2061-01-01,2061,Paris,tn90p,25.150684928894,28717632e5
2061-2070,2061-01-01,2061,Roma,tn90p,31.1780819892883,28717632e5
2061-2070,2061-01-01,2061,Warsaw,tn90p,25.8904109954834,28717632e5
2071-2080,2071-01-01,2071,Athens,tn90p,54.4109596252441,3187296e6
2071-2080,2071-01-01,2071,Berlin,tn90p,36.1369857788086,3187296e6
2071-2080,2071-01-01,2071,Brussels,tn90p,34.6575338363647,3187296e6
2071-2080,2071-01-01,2071,Budapest,tn90p,40.0273975372314,3187296e6
2071-2080,2071-01-01,2071,Lisbon,tn90p,39.3424657821655,3187296e6
2071-2080,2071-01-01,2071,London,tn90p,33.3972602844238,3187296e6
2071-2080,2071-01-01,2071,Madrid,tn90p,43.1780818939209,3187296e6
2071-2080,2071-01-01,2071,Paris,tn90p,34.6575344085693,3187296e6
2071-2080,2071-01-01,2071,Roma,tn90p,39.2054794311523,3187296e6
2071-2080,2071-01-01,2071,Warsaw,tn90p,33.3972602844238,3187296e6
2081-2080,2081-01-01,2081,Athens,tn90p,66.6027397155762,35029152e5
2081-2080,2081-01-01,2081,Berlin,tn90p,41.479451751709,35029152e5
2081-2080,2081-01-01,2081,Brussels,tn90p,39.3972606658936,35029152e5
2081-2080,2081-01-01,2081,Budapest,tn90p,46.7123287200928,35029152e5
2081-2080,2081-01-01,2081,Lisbon,tn90p,47.3013700485229,35029152e5
2081-2080,2081-01-01,2081,London,tn90p,39.3424655914307,35029152e5
2081-2080,2081-01-01,2081,Madrid,tn90p,52.5753419876099,35029152e5
2081-2080,2081-01-01,2081,Paris,tn90p,39.9589042663574,35029152e5
2081-2080,2081-01-01,2081,Roma,tn90p,45.6027400970459,35029152e5
2081-2080,2081-01-01,2081,Warsaw,tn90p,39.3424655914307,35029152e5
2091-2100,2091-01-01,2091,Athens,tn90p,75.972603225708,3818448e6
2091-2100,2091-01-01,2091,Berlin,tn90p,45.4520545959473,3818448e6
2091-2100,2091-01-01,2091,Brussels,tn90p,42.8219177246094,3818448e6
2091-2100,2091-01-01,2091,Budapest,tn90p,53.1506847381592,3818448e6
2091-2100,2091-01-01,2091,Lisbon,tn90p,55.6027395248413,3818448e6
2091-2100,2091-01-01,2091,London,tn90p,43.8493152618408,3818448e6
2091-2100,2091-01-01,2091,Madrid,tn90p,57.6712333679199,3818448e6
2091-2100,2091-01-01,2091,Paris,tn90p,44.8082187652588,3818448e6
2091-2100,2091-01-01,2091,Roma,tn90p,53.8767126083374,3818448e6
2091-2100,2091-01-01,2091,Warsaw,tn90p,43.8493152618408,3818448e6
1971-1980,1971-01-01,1971,Athens,tx10p,13.6301368713379,31536e6
1971-1980,1971-01-01,1971,Berlin,tx10p,14.7123285293579,31536e6
1971-1980,1971-01-01,1971,Brussels,tx10p,15.3424655914307,31536e6
1971-1980,1971-01-01,1971,Budapest,tx10p,13.9452055454254,31536e6
1971-1980,1971-01-01,1971,Lisbon,tx10p,14.0000001430511,31536e6
1971-1980,1971-01-01,1971,London,tx10p,15.1780823707581,31536e6
1971-1980,1971-01-01,1971,Madrid,tx10p,14.5068491458893,31536e6
1971-1980,1971-01-01,1971,Paris,tx10p,15.9726027965546,31536e6
1971-1980,1971-01-01,1971,Roma,tx10p,14.1917806148529,31536e6
1971-1980,1971-01-01,1971,Warsaw,tx10p,15.1780823707581,31536e6
1981-1990,1981-01-01,1981,Athens,tx10p,11.6164383411407,3471552e5
1981-1990,1981-01-01,1981,Berlin,tx10p,10.5205479621887,3471552e5
1981-1990,1981-01-01,1981,Brussels,tx10p,11.2054794311523,3471552e5
1981-1990,1981-01-01,1981,Budapest,tx10p,11.424657535553,3471552e5
1981-1990,1981-01-01,1981,Lisbon,tx10p,11.7945204973221,3471552e5
1981-1990,1981-01-01,1981,London,tx10p,11.1643835067749,3471552e5
1981-1990,1981-01-01,1981,Madrid,tx10p,9.8904109954834,3471552e5
1981-1990,1981-01-01,1981,Paris,tx10p,11.0273973464966,3471552e5
1981-1990,1981-01-01,1981,Roma,tx10p,10.3561643123627,3471552e5
1981-1990,1981-01-01,1981,Warsaw,tx10p,11.1643835067749,3471552e5
1991-2000,1991-01-01,1991,Athens,tx10p,9.79452056884766,662688e6
1991-2000,1991-01-01,1991,Berlin,tx10p,9.31506853103638,662688e6
1991-2000,1991-01-01,1991,Brussels,tx10p,9.78082175254822,662688e6
1991-2000,1991-01-01,1991,Budapest,tx10p,8.64383568763733,662688e6
1991-2000,1991-01-01,1991,Lisbon,tx10p,9.87671248912811,662688e6
1991-2000,1991-01-01,1991,London,tx10p,9.63013696670532,662688e6
1991-2000,1991-01-01,1991,Madrid,tx10p,11.2465752124786,662688e6
1991-2000,1991-01-01,1991,Paris,tx10p,9.61643817424774,662688e6
1991-2000,1991-01-01,1991,Roma,tx10p,9.67123284339905,662688e6
1991-2000,1991-01-01,1991,Warsaw,tx10p,9.63013696670532,662688e6
2001-2010,2001-01-01,2001,Athens,tx10p,7.91780827045441,9783072e5
2001-2010,2001-01-01,2001,Berlin,tx10p,9.5616436958313,9783072e5
2001-2010,2001-01-01,2001,Brussels,tx10p,8.7945205450058,9783072e5
2001-2010,2001-01-01,2001,Budapest,tx10p,9.64383557736874,9783072e5
2001-2010,2001-01-01,2001,Lisbon,tx10p,7.86301369667053,9783072e5
2001-2010,2001-01-01,2001,London,tx10p,8.82191777229309,9783072e5
2001-2010,2001-01-01,2001,Madrid,tx10p,8.38356170654297,9783072e5
2001-2010,2001-01-01,2001,Paris,tx10p,8.93150693178177,9783072e5
2001-2010,2001-01-01,2001,Roma,tx10p,9.39726030826569,9783072e5
2001-2010,2001-01-01,2001,Warsaw,tx10p,8.82191777229309,9783072e5
2011-2020,2011-01-01,2011,Athens,tx10p,6.47945199012756,129384e7
2011-2020,2011-01-01,2011,Berlin,tx10p,7.06849324703217,129384e7
2011-2020,2011-01-01,2011,Brussels,tx10p,6.32876704931259,129384e7
2011-2020,2011-01-01,2011,Budapest,tx10p,6.91780828237534,129384e7
2011-2020,2011-01-01,2011,Lisbon,tx10p,5.13698630332947,129384e7
2011-2020,2011-01-01,2011,London,tx10p,5.80821917057037,129384e7
2011-2020,2011-01-01,2011,Madrid,tx10p,5.63013694286346,129384e7
2011-2020,2011-01-01,2011,Paris,tx10p,6.6164383649826,129384e7
2011-2020,2011-01-01,2011,Roma,tx10p,6.63013687133789,129384e7
2011-2020,2011-01-01,2011,Warsaw,tx10p,5.80821917057037,129384e7
2021-2030,2021-01-01,2021,Athens,tx10p,5.83561642169952,16094592e5
2021-2030,2021-01-01,2021,Berlin,tx10p,5.86301369667053,16094592e5
2021-2030,2021-01-01,2021,Brussels,tx10p,5.42465753555298,16094592e5
2021-2030,2021-01-01,2021,Budapest,tx10p,6.21917810440064,16094592e5
2021-2030,2021-01-01,2021,Lisbon,tx10p,4.80821920633316,16094592e5
2021-2030,2021-01-01,2021,London,tx10p,5.08219175338745,16094592e5
2021-2030,2021-01-01,2021,Madrid,tx10p,5.31506841182709,16094592e5
2021-2030,2021-01-01,2021,Paris,tx10p,5.91780822277069,16094592e5
2021-2030,2021-01-01,2021,Roma,tx10p,5.68493148088455,16094592e5
2021-2030,2021-01-01,2021,Warsaw,tx10p,5.08219175338745,16094592e5
2031-2040,2031-01-01,2031,Athens,tx10p,5.36986300945282,1924992e6
2031-2040,2031-01-01,2031,Berlin,tx10p,6.24657528400421,1924992e6
2031-2040,2031-01-01,2031,Brussels,tx10p,4.32876707315445,1924992e6
2031-2040,2031-01-01,2031,Budapest,tx10p,5.09589043855667,1924992e6
2031-2040,2031-01-01,2031,Lisbon,tx10p,4.58904108405113,1924992e6
2031-2040,2031-01-01,2031,London,tx10p,3.42465750575066,1924992e6
2031-2040,2031-01-01,2031,Madrid,tx10p,4.12328764200211,1924992e6
2031-2040,2031-01-01,2031,Paris,tx10p,4.91780813932419,1924992e6
2031-2040,2031-01-01,2031,Roma,tx10p,5.21917806863785,1924992e6
2031-2040,2031-01-01,2031,Warsaw,tx10p,3.42465750575066,1924992e6
2041-2050,2041-01-01,2041,Athens,tx10p,3.98630135059357,22406112e5
2041-2050,2041-01-01,2041,Berlin,tx10p,6.10958905220032,22406112e5
2041-2050,2041-01-01,2041,Brussels,tx10p,5.67123291492462,22406112e5
2041-2050,2041-01-01,2041,Budapest,tx10p,5.05479447841644,22406112e5
2041-2050,2041-01-01,2041,Lisbon,tx10p,4.5479451417923,22406112e5
2041-2050,2041-01-01,2041,London,tx10p,3.97260270118713,22406112e5
2041-2050,2041-01-01,2041,Madrid,tx10p,5.0958903670311,22406112e5
2041-2050,2041-01-01,2041,Paris,tx10p,5.36986302137375,22406112e5
2041-2050,2041-01-01,2041,Roma,tx10p,5.82191777229309,22406112e5
2041-2050,2041-01-01,2041,Warsaw,tx10p,3.97260270118713,22406112e5
2051-2060,2051-01-01,2051,Athens,tx10p,3.99999997615814,2556144e6
2051-2060,2051-01-01,2051,Berlin,tx10p,5.80821914672852,2556144e6
2051-2060,2051-01-01,2051,Brussels,tx10p,5.17808220982552,2556144e6
2051-2060,2051-01-01,2051,Budapest,tx10p,6.42465748786926,2556144e6
2051-2060,2051-01-01,2051,Lisbon,tx10p,3.15068490505219,2556144e6
2051-2060,2051-01-01,2051,London,tx10p,3.76712327599525,2556144e6
2051-2060,2051-01-01,2051,Madrid,tx10p,3.42465752363205,2556144e6
2051-2060,2051-01-01,2051,Paris,tx10p,4.93150683641434,2556144e6
2051-2060,2051-01-01,2051,Roma,tx10p,4.89041088819504,2556144e6
2051-2060,2051-01-01,2051,Warsaw,tx10p,3.76712327599525,2556144e6
2061-2070,2061-01-01,2061,Athens,tx10p,2.69863014221191,28717632e5
2061-2070,2061-01-01,2061,Berlin,tx10p,4.27397256493568,28717632e5
2061-2070,2061-01-01,2061,Brussels,tx10p,3.91780828237534,28717632e5
2061-2070,2061-01-01,2061,Budapest,tx10p,4.80821914076805,28717632e5
2061-2070,2061-01-01,2061,Lisbon,tx10p,1.83561641871929,28717632e5
2061-2070,2061-01-01,2061,London,tx10p,2.87671232223511,28717632e5
2061-2070,2061-01-01,2061,Madrid,tx10p,2.16438353359699,28717632e5
2061-2070,2061-01-01,2061,Paris,tx10p,3.53424655199051,28717632e5
2061-2070,2061-01-01,2061,Roma,tx10p,3.5205479323864,28717632e5
2061-2070,2061-01-01,2061,Warsaw,tx10p,2.87671232223511,28717632e5
2071-2080,2071-01-01,2071,Athens,tx10p,1.49315069913864,3187296e6
2071-2080,2071-01-01,2071,Berlin,tx10p,1.97260272800922,3187296e6
2071-2080,2071-01-01,2071,Brussels,tx10p,1.91780821681023,3187296e6
2071-2080,2071-01-01,2071,Budapest,tx10p,1.86301371455193,3187296e6
2071-2080,2071-01-01,2071,Lisbon,tx10p,1.49315068125725,3187296e6
2071-2080,2071-01-01,2071,London,tx10p,1.58904108405113,3187296e6
2071-2080,2071-01-01,2071,Madrid,tx10p,1.58904111087322,3187296e6
2071-2080,2071-01-01,2071,Paris,tx10p,1.89041094183922,3187296e6
2071-2080,2071-01-01,2071,Roma,tx10p,2.0136986553669,3187296e6
2071-2080,2071-01-01,2071,Warsaw,tx10p,1.58904108405113,3187296e6
2081-2080,2081-01-01,2081,Athens,tx10p,1.19178080260754,35029152e5
2081-2080,2081-01-01,2081,Berlin,tx10p,1.64383559823036,35029152e5
2081-2080,2081-01-01,2081,Brussels,tx10p,1.31506849527359,35029152e5
2081-2080,2081-01-01,2081,Budapest,tx10p,1.64383559823036,35029152e5
2081-2080,2081-01-01,2081,Lisbon,tx10p,0.76712328493595106,35029152e5
2081-2080,2081-01-01,2081,London,tx10p,0.602739730477333,35029152e5
2081-2080,2081-01-01,2081,Madrid,tx10p,0.95890411734581,35029152e5
2081-2080,2081-01-01,2081,Paris,tx10p,1.19178082495928,35029152e5
2081-2080,2081-01-01,2081,Roma,tx10p,1.24657535851002,35029152e5
2081-2080,2081-01-01,2081,Warsaw,tx10p,0.602739730477333,35029152e5
2091-2100,2091-01-01,2091,Athens,tx10p,0.30136986374855,3818448e6
2091-2100,2091-01-01,2091,Berlin,tx10p,1.1232876598835,3818448e6
2091-2100,2091-01-01,2091,Brussels,tx10p,0.904109588265419,3818448e6
2091-2100,2091-01-01,2091,Budapest,tx10p,1.19178082346916,3818448e6
2091-2100,2091-01-01,2091,Lisbon,tx10p,0.287671233713627,3818448e6
2091-2100,2091-01-01,2091,London,tx10p,0.547945213317871,3818448e6
2091-2100,2091-01-01,2091,Madrid,tx10p,0.767123299837112,3818448e6
2091-2100,2091-01-01,2091,Paris,tx10p,0.698630140721798,3818448e6
2091-2100,2091-01-01,2091,Roma,tx10p,0.89041097164154,3818448e6
2091-2100,2091-01-01,2091,Warsaw,tx10p,0.547945213317871,3818448e6
1971-1980,1971-01-01,1971,Athens,tx90p,5.5342465877533,31536e6
1971-1980,1971-01-01,1971,Berlin,tx90p,7.9178081035614,31536e6
1971-1980,1971-01-01,1971,Brussels,tx90p,7.89041090011597,31536e6
1971-1980,1971-01-01,1971,Budapest,tx90p,6.97260267734528,31536e6
1971-1980,1971-01-01,1971,Lisbon,tx90p,8.53424661159515,31536e6
1971-1980,1971-01-01,1971,London,tx90p,7.68493146896362,31536e6
1971-1980,1971-01-01,1971,Madrid,tx90p,6.79452052116394,31536e6
1971-1980,1971-01-01,1971,Paris,tx90p,7.63013694286346,31536e6
1971-1980,1971-01-01,1971,Roma,tx90p,6.2054794549942,31536e6
1971-1980,1971-01-01,1971,Warsaw,tx90p,7.68493146896362,31536e6
1981-1990,1981-01-01,1981,Athens,tx90p,5.82191779613495,3471552e5
1981-1990,1981-01-01,1981,Berlin,tx90p,7.91780824661255,3471552e5
1981-1990,1981-01-01,1981,Brussels,tx90p,7.94520554542541,3471552e5
1981-1990,1981-01-01,1981,Budapest,tx90p,7.3424656867981,3471552e5
1981-1990,1981-01-01,1981,Lisbon,tx90p,7.93150672912598,3471552e5
1981-1990,1981-01-01,1981,London,tx90p,7.98630135059357,3471552e5
1981-1990,1981-01-01,1981,Madrid,tx90p,7.80821924209595,3471552e5
1981-1990,1981-01-01,1981,Paris,tx90p,7.479452085495,3471552e5
1981-1990,1981-01-01,1981,Roma,tx90p,6.79452058076859,3471552e5
1981-1990,1981-01-01,1981,Warsaw,tx90p,7.98630135059357,3471552e5
1991-2000,1991-01-01,1991,Athens,tx90p,10.7945204734802,662688e6
1991-2000,1991-01-01,1991,Berlin,tx90p,10.5205478668213,662688e6
1991-2000,1991-01-01,1991,Brussels,tx90p,10.8219178199768,662688e6
1991-2000,1991-01-01,1991,Budapest,tx90p,10.7123287677765,662688e6
1991-2000,1991-01-01,1991,Lisbon,tx90p,8.65753421783447,662688e6
1991-2000,1991-01-01,1991,London,tx90p,10.3013698101044,662688e6
1991-2000,1991-01-01,1991,Madrid,tx90p,8.23287663459778,662688e6
1991-2000,1991-01-01,1991,Paris,tx90p,10.7123286724091,662688e6
1991-2000,1991-01-01,1991,Roma,tx90p,10.5205478549004,662688e6
1991-2000,1991-01-01,1991,Warsaw,tx90p,10.3013698101044,662688e6
2001-2010,2001-01-01,2001,Athens,tx90p,11.9452054977417,9783072e5
2001-2010,2001-01-01,2001,Berlin,tx90p,11.5342467308044,9783072e5
2001-2010,2001-01-01,2001,Brussels,tx90p,11.2876709699631,9783072e5
2001-2010,2001-01-01,2001,Budapest,tx90p,11.4246574878693,9783072e5
2001-2010,2001-01-01,2001,Lisbon,tx90p,12.9452052593231,9783072e5
2001-2010,2001-01-01,2001,London,tx90p,11.7123286664486,9783072e5
2001-2010,2001-01-01,2001,Madrid,tx90p,13.8082191467285,9783072e5
2001-2010,2001-01-01,2001,Paris,tx90p,11.6164383172989,9783072e5
2001-2010,2001-01-01,2001,Roma,tx90p,11.8904109239578,9783072e5
2001-2010,2001-01-01,2001,Warsaw,tx90p,11.7123286664486,9783072e5
2011-2020,2011-01-01,2011,Athens,tx90p,14.0273972511292,129384e7
2011-2020,2011-01-01,2011,Berlin,tx90p,12.3013700962067,129384e7
2011-2020,2011-01-01,2011,Brussels,tx90p,12.1917808532715,129384e7
2011-2020,2011-01-01,2011,Budapest,tx90p,16.0273970603943,129384e7
2011-2020,2011-01-01,2011,Lisbon,tx90p,15.7945208072662,129384e7
2011-2020,2011-01-01,2011,London,tx90p,11.9999999046326,129384e7
2011-2020,2011-01-01,2011,Madrid,tx90p,15.7945205211639,129384e7
2011-2020,2011-01-01,2011,Paris,tx90p,12.5479451179504,129384e7
2011-2020,2011-01-01,2011,Roma,tx90p,14.9315068721771,129384e7
2011-2020,2011-01-01,2011,Warsaw,tx90p,11.9999999046326,129384e7
2021-2030,2021-01-01,2021,Athens,tx90p,17.2054793357849,16094592e5
2021-2030,2021-01-01,2021,Berlin,tx90p,14.9041095733643,16094592e5
2021-2030,2021-01-01,2021,Brussels,tx90p,15.0684930801392,16094592e5
2021-2030,2021-01-01,2021,Budapest,tx90p,17.178082036972,16094592e5
2021-2030,2021-01-01,2021,Lisbon,tx90p,14.2602739334106,16094592e5
2021-2030,2021-01-01,2021,London,tx90p,15.3150683879852,16094592e5
2021-2030,2021-01-01,2021,Madrid,tx90p,17.0821918964386,16094592e5
2021-2030,2021-01-01,2021,Paris,tx90p,14.4383559703827,16094592e5
2021-2030,2021-01-01,2021,Roma,tx90p,17.9999998569489,16094592e5
2021-2030,2021-01-01,2021,Warsaw,tx90p,15.3150683879852,16094592e5
2031-2040,2031-01-01,2031,Athens,tx90p,17.890410900116,1924992e6
2031-2040,2031-01-01,2031,Berlin,tx90p,16.8767124176025,1924992e6
2031-2040,2031-01-01,2031,Brussels,tx90p,16.0547945976257,1924992e6
2031-2040,2031-01-01,2031,Budapest,tx90p,16.12328748703,1924992e6
2031-2040,2031-01-01,2031,Lisbon,tx90p,17.1095890522003,1924992e6
2031-2040,2031-01-01,2031,London,tx90p,16.8767123222351,1924992e6
2031-2040,2031-01-01,2031,Madrid,tx90p,19.1643835067749,1924992e6
2031-2040,2031-01-01,2031,Paris,tx90p,16.1095889091492,1924992e6
2031-2040,2031-01-01,2031,Roma,tx90p,17.8219179153442,1924992e6
2031-2040,2031-01-01,2031,Warsaw,tx90p,16.8767123222351,1924992e6
2041-2050,2041-01-01,2041,Athens,tx90p,23.7123290538788,22406112e5
2041-2050,2041-01-01,2041,Berlin,tx90p,13.5616435527802,22406112e5
2041-2050,2041-01-01,2041,Brussels,tx90p,16.2739727020264,22406112e5
2041-2050,2041-01-01,2041,Budapest,tx90p,17.6438355445862,22406112e5
2041-2050,2041-01-01,2041,Lisbon,tx90p,20.3698632240295,22406112e5
2041-2050,2041-01-01,2041,London,tx90p,19.0136985778809,22406112e5
2041-2050,2041-01-01,2041,Madrid,tx90p,22.8630138397217,22406112e5
2041-2050,2041-01-01,2041,Paris,tx90p,17.4246573925018,22406112e5
2041-2050,2041-01-01,2041,Roma,tx90p,17.6986302852631,22406112e5
2041-2050,2041-01-01,2041,Warsaw,tx90p,19.0136985778809,22406112e5
2051-2060,2051-01-01,2051,Athens,tx90p,25.1780825614929,2556144e6
2051-2060,2051-01-01,2051,Berlin,tx90p,19.2876711845398,2556144e6
2051-2060,2051-01-01,2051,Brussels,tx90p,18.8493152618408,2556144e6
2051-2060,2051-01-01,2051,Budapest,tx90p,20.2191780090332,2556144e6
2051-2060,2051-01-01,2051,Lisbon,tx90p,22.0958904743195,2556144e6
2051-2060,2051-01-01,2051,London,tx90p,21.3013698577881,2556144e6
2051-2060,2051-01-01,2051,Madrid,tx90p,25.4794522285461,2556144e6
2051-2060,2051-01-01,2051,Paris,tx90p,19.3150686264038,2556144e6
2051-2060,2051-01-01,2051,Roma,tx90p,22.0410960197449,2556144e6
2051-2060,2051-01-01,2051,Warsaw,tx90p,21.3013698577881,2556144e6
2061-2070,2061-01-01,2061,Athens,tx90p,29.2465755462646,28717632e5
2061-2070,2061-01-01,2061,Berlin,tx90p,16.9315069198608,28717632e5
2061-2070,2061-01-01,2061,Brussels,tx90p,18.7671234130859,28717632e5
2061-2070,2061-01-01,2061,Budapest,tx90p,20.7808220863342,28717632e5
2061-2070,2061-01-01,2061,Lisbon,tx90p,26.6301370620728,28717632e5
2061-2070,2061-01-01,2061,London,tx90p,21.6712329864502,28717632e5
2061-2070,2061-01-01,2061,Madrid,tx90p,33.1095886230469,28717632e5
2061-2070,2061-01-01,2061,Paris,tx90p,18.8493152618408,28717632e5
2061-2070,2061-01-01,2061,Roma,tx90p,26.7534248352051,28717632e5
2061-2070,2061-01-01,2061,Warsaw,tx90p,21.6712329864502,28717632e5
2071-2080,2071-01-01,2071,Athens,tx90p,35.6849314689636,3187296e6
2071-2080,2071-01-01,2071,Berlin,tx90p,26.7397264480591,3187296e6
2071-2080,2071-01-01,2071,Brussels,tx90p,25.9452056884766,3187296e6
2071-2080,2071-01-01,2071,Budapest,tx90p,28.945205783844,3187296e6
2071-2080,2071-01-01,2071,Lisbon,tx90p,34.5616439819336,3187296e6
2071-2080,2071-01-01,2071,London,tx90p,30.6849312782288,3187296e6
2071-2080,2071-01-01,2071,Madrid,tx90p,37.6712331771851,3187296e6
2071-2080,2071-01-01,2071,Paris,tx90p,27.7123286247253,3187296e6
2071-2080,2071-01-01,2071,Roma,tx90p,35.3424656867981,3187296e6
2071-2080,2071-01-01,2071,Warsaw,tx90p,30.6849312782288,3187296e6
2081-2080,2081-01-01,2081,Athens,tx90p,46.8630135536194,35029152e5
2081-2080,2081-01-01,2081,Berlin,tx90p,31.4246580123901,35029152e5
2081-2080,2081-01-01,2081,Brussels,tx90p,31.7808223724365,35029152e5
2081-2080,2081-01-01,2081,Budapest,tx90p,34.9589038848877,35029152e5
2081-2080,2081-01-01,2081,Lisbon,tx90p,40.2054798126221,35029152e5
2081-2080,2081-01-01,2081,London,tx90p,37.7808218002319,35029152e5
2081-2080,2081-01-01,2081,Madrid,tx90p,46.2739723205566,35029152e5
2081-2080,2081-01-01,2081,Paris,tx90p,33.1780820846558,35029152e5
2081-2080,2081-01-01,2081,Roma,tx90p,43.9726027488708,35029152e5
2081-2080,2081-01-01,2081,Warsaw,tx90p,37.7808218002319,35029152e5
2091-2100,2091-01-01,2091,Athens,tx90p,52.3424652099609,3818448e6
2091-2100,2091-01-01,2091,Berlin,tx90p,33.8630136489868,3818448e6
2091-2100,2091-01-01,2091,Brussels,tx90p,32.0547946929932,3818448e6
2091-2100,2091-01-01,2091,Budapest,tx90p,40.7260272979736,3818448e6
2091-2100,2091-01-01,2091,Lisbon,tx90p,46.9999998092651,3818448e6
2091-2100,2091-01-01,2091,London,tx90p,39.2054798126221,3818448e6
2091-2100,2091-01-01,2091,Madrid,tx90p,51.6301370620728,3818448e6
2091-2100,2091-01-01,2091,Paris,tx90p,34.4109592437744,3818448e6
2091-2100,2091-01-01,2091,Roma,tx90p,50.0000003814697,3818448e6
2091-2100,2091-01-01,2091,Warsaw,tx90p,39.2054798126221,3818448e6
